rs12913832	CC	CT	TT
Light/pale	29	24	3
Moderate	56	10	5
Dark/olive	7	11	5
High susceptibility to sunburns	18	2	0
Initial sunburns	42	17	4
Moderate tanning	25	17	5
Quick tanning	7	9	4
Severe freckling	9	3	1
Moderate freckling	35	12	2
Non-freckled skin	48	30	10
rs1800407	GG	AG	AA
Light/pale	48	8	0
Moderate	66	5	0
Dark/olive	21	2	0
High susceptibility to sunburns	19	1	0
Initial sunburns	56	7	0
Moderate tanning	41	6	0
Quick tanning	19	1	0
Severe freckling	10	3	0
Moderate freckling	46	3	0
Non-freckled skin	79	9	0
rs4778241	GG	GT	TT
Light/pale	38	17	1
Moderate	41	26	4
Dark/olive	7	16	0
High susceptibility to sunburns	15	5	0
Initial sunburns	38	23	2
Moderate tanning	27	18	2
Quick tanning	6	13	1
Severe freckling	7	6	0
Moderate freckling	25	24	0
Non-freckled skin	54	29	5
rs4778138	TT	CT	CC
Light/pale	41	14	1
Moderate	44	25	2
Dark/olive	9	13	1
High susceptibility to sunburns	15	5	0
Initial sunburns	43	18	2
Moderate tanning	29	17	1
Quick tanning	7	12	1
Severe freckling	8	5	0
Moderate freckling	26	22	1
Non-freckled skin	60	25	3
rs12896399	GG	GT	TT
Light/pale	26	18	12
Moderate	23	31	17
Dark/olive	11	8	4
High susceptibility to sunburns	9	7	4
Initial sunburns	24	24	15
Moderate tanning	20	17	10
Quick tanning	7	9	4
Severe freckling	8	2	3
Moderate freckling	19	23	7
Non-freckled skin	33	32	23
rs16891982	GG	GC	CC
Light/pale	55	1	0
Moderate	68	3	0
Dark/olive	17	6	0
High susceptibility to sunburns	19	1	0
Initial sunburns	62	1	0
Moderate tanning	42	5	0
Quick tanning	17	3	0
Severe freckling	13	0	0
Moderate freckling	47	2	0
Non-freckled skin	80	8	0
rs12203592	CC	CT	TT
Light/pale	42	13	1
Moderate	65	6	0
Dark/olive	20	3	0
High susceptibility to sunburns	14	6	0
Initial sunburns	53	9	1
Moderate tanning	43	4	0
Quick tanning	17	3	0
Severe freckling	3	9	1
Moderate freckling	42	7	0
Non-freckled skin	82	6	0
rs1393350	CC	CT	TT
Light/pale	34	18	4
Moderate	42	28	1
Dark/olive	17	6	0
High susceptibility to sunburns	13	7	0
Initial sunburns	37	21	5
Moderate tanning	29	18	0
Quick tanning	14	6	0
Severe freckling	6	7	0
Moderate freckling	31	15	3
Non-freckled skin	56	30	2
rs731236	AA	AG	GG
Light/pale	23	26	7
Moderate	30	33	8
Dark/olive	7	15	1
High susceptibility to sunburns	9	9	2
Initial sunburns	24	29	10
Moderate tanning	20	24	3
Quick tanning	7	12	1
Severe freckling	4	9	0
Moderate freckling	19	26	4
Non-freckled skin	37	39	12
rs6058017	TT	CT	CC
Light/pale	45	10	1
Moderate	50	21	0
Dark/olive	14	8	1
High susceptibility to sunburns	19	1	0
Initial sunburns	51	11	1
Moderate tanning	28	18	1
Quick tanning	11	9	0
Severe freckling	10	3	0
Moderate freckling	39	9	1
Non-freckled skin	60	27	1
rs1015362	CC	CT	TT
Light/pale	23	27	6
Moderate	34	28	9
Dark/olive	10	10	3
High susceptibility to sunburns	7	11	2
Initial sunburns	29	27	7
Moderate tanning	23	19	5
Quick tanning	8	8	4
Severe freckling	4	7	2
Moderate freckling	21	22	6
Non-freckled skin	42	36	10
rs4911414	GG	GT	TT
Light/pale	20	26	10
Moderate	33	31	7
Dark/olive	11	11	1
High susceptibility to sunburns	5	12	3
Initial sunburns	26	25	12
Moderate tanning	23	22	2
Quick tanning	10	9	1
Severe freckling	4	7	2
Moderate freckling	18	22	9
Non-freckled skin	42	39	7
rs1805007	CC	CT	TT
Light/pale	49	6	1
Moderate	65	6	0
Dark/olive	23	0	0
High susceptibility to sunburns	16	3	1
Initial sunburns	57	6	0
Moderate tanning	45	2	0
Quick tanning	19	1	0
Severe freckling	11	1	1
Moderate freckling	45	4	0
Non-freckled skin	81	7	0